{
  "config": {
    "model": "Qwen/Qwen3-1.7B",
    "limit": 200,
    "device": 0
  },
  "best_config": [
    6,
    3,
    "more_sp"
  ],
  "best_metrics": {
    "em": 0.145,
    "f1": 0.1946644452039189,
    "prec": 0.20122744360902256,
    "recall": 0.20435714285714288,
    "sp_em": 0.01,
    "sp_f1": 0.34019047619047604,
    "sp_prec": 0.31000000000000044,
    "sp_recall": 0.39075000000000004,
    "joint_em": 0.0,
    "joint_f1": 0.07722269096499387,
    "joint_prec": 0.06896470342522974,
    "joint_recall": 0.097984126984127
  },
  "all_results": [
    {
      "evidence_k": 6,
      "sp_k": 2,
      "description": "baseline",
      "em": 0.145,
      "f1": 0.18870211586658958,
      "prec": 0.1910690143190143,
      "recall": 0.20769047619047623,
      "sp_em": 0.055,
      "sp_f1": 0.31509523809523804,
      "sp_prec": 0.3425,
      "sp_recall": 0.29850000000000015,
      "joint_em": 0.01,
      "joint_f1": 0.06911288638262324,
      "joint_prec": 0.07248688811188812,
      "joint_recall": 0.07525000000000003
    },
    {
      "evidence_k": 8,
      "sp_k": 2,
      "description": "more_evidence",
      "em": 0.15,
      "f1": 0.1945038835433572,
      "prec": 0.19756077694235588,
      "recall": 0.21019047619047623,
      "sp_em": 0.055,
      "sp_f1": 0.31509523809523804,
      "sp_prec": 0.3425,
      "sp_recall": 0.29850000000000015,
      "joint_em": 0.01,
      "joint_f1": 0.07365898567340338,
      "joint_prec": 0.07912562656641604,
      "joint_recall": 0.07663888888888891
    },
    {
      "evidence_k": 6,
      "sp_k": 3,
      "description": "more_sp",
      "em": 0.145,
      "f1": 0.1946644452039189,
      "prec": 0.20122744360902256,
      "recall": 0.20435714285714288,
      "sp_em": 0.01,
      "sp_f1": 0.34019047619047604,
      "sp_prec": 0.31000000000000044,
      "sp_recall": 0.39075000000000004,
      "joint_em": 0.0,
      "joint_f1": 0.07722269096499387,
      "joint_prec": 0.06896470342522974,
      "joint_recall": 0.097984126984127
    },
    {
      "evidence_k": 8,
      "sp_k": 3,
      "description": "both_increased",
      "em": 0.14,
      "f1": 0.18028267142214513,
      "prec": 0.18097943722943724,
      "recall": 0.20269047619047623,
      "sp_em": 0.01,
      "sp_f1": 0.34019047619047604,
      "sp_prec": 0.31000000000000044,
      "sp_recall": 0.39075000000000004,
      "joint_em": 0.0,
      "joint_f1": 0.07313993594911192,
      "joint_prec": 0.06447799422799423,
      "joint_recall": 0.09944246031746033
    },
    {
      "evidence_k": 10,
      "sp_k": 2,
      "description": "max_evidence",
      "em": 0.145,
      "f1": 0.19428166132113503,
      "prec": 0.19787895876053768,
      "recall": 0.21435714285714286,
      "sp_em": 0.055,
      "sp_f1": 0.31509523809523804,
      "sp_prec": 0.3425,
      "sp_recall": 0.29850000000000015,
      "joint_em": 0.01,
      "joint_f1": 0.07064708091149863,
      "joint_prec": 0.07503471747550695,
      "joint_recall": 0.07747222222222225
    },
    {
      "evidence_k": 4,
      "sp_k": 2,
      "description": "minimal",
      "em": 0.14,
      "f1": 0.18562061403508776,
      "prec": 0.18887554112554114,
      "recall": 0.19852380952380955,
      "sp_em": 0.055,
      "sp_f1": 0.31509523809523804,
      "sp_prec": 0.3425,
      "sp_recall": 0.29850000000000015,
      "joint_em": 0.01,
      "joint_f1": 0.06664264828738514,
      "joint_prec": 0.07005681818181818,
      "joint_recall": 0.07108333333333335
    }
  ]
}